{
  "task": "darcy_2d_fno_vs_reservoir",
  "run_mode": "all",
  "elapsed_sec": 150.61992287635803,
  "device": "cpu",
  "data_source": "generate",
  "grid_size_after_downsample": 32,
  "ntrain": 20,
  "ntest": 5,
  "fno": {
    "train": {
      "mean_rel_l2": 0.18890225894985893,
      "median_rel_l2": 0.17409820709623203,
      "errors": [
        0.15917636507282024,
        0.14911314001680398,
        0.1694721675693743,
        0.24389685162261635,
        0.1773833310738716,
        0.203387917914398,
        0.17142294708393058,
        0.17234056329204703,
        0.22321570971262003,
        0.15691057199122024,
        0.19428721366040344,
        0.16708447438177534,
        0.1612377240701889,
        0.17585585090041705,
        0.21103112627555376,
        0.2687493564244001,
        0.1710108510638911,
        0.20160273435858672,
        0.24143511166179837,
        0.15943117085046105
      ]
    },
    "test": {
      "mean_rel_l2": 0.19050493656419332,
      "median_rel_l2": 0.19357862556584784,
      "errors": [
        0.16324880486859547,
        0.2144782269235735,
        0.19357862556584784,
        0.18581117665921706,
        0.1954078488037328
      ]
    }
  },
  "rfno": {
    "selected_hparams": {
      "modes": 12,
      "width": 32,
      "padding": 9,
      "spectral_gain": 1.0,
      "skip_gain": 1.0,
      "spectral_init": "uniform",
      "spectral_init_scale": 1.0,
      "activation": "gelu"
    },
    "best_lambda": 0.0,
    "best_test": {
      "mean_rel_l2": 0.14339769736361976,
      "median_rel_l2": 0.13077592214073236,
      "errors": [
        0.11817542376276119,
        0.15791893168908705,
        0.13077592214073236,
        0.12999058531431962,
        0.18012762391119855
      ]
    },
    "all": {
      "0.0": {
        "train": {
          "mean_rel_l2": 0.144550704733342,
          "median_rel_l2": 0.13908483225650725,
          "errors": [
            0.12049720477603139,
            0.11118610168496848,
            0.14204414399620313,
            0.1726887491855203,
            0.12638566662578035,
            0.13225487839312147,
            0.08466610688255033,
            0.12341036590158239,
            0.18696028795664818,
            0.10965941174019496,
            0.1415124670532134,
            0.14176061505833779,
            0.11666555159484428,
            0.1366571974598011,
            0.1962014363175042,
            0.23723494351645313,
            0.12815352548489464,
            0.14928114388687166,
            0.17443671784416329,
            0.1593575793081561
          ]
        },
        "test": {
          "mean_rel_l2": 0.14339769736361976,
          "median_rel_l2": 0.13077592214073236,
          "errors": [
            0.11817542376276119,
            0.15791893168908705,
            0.13077592214073236,
            0.12999058531431962,
            0.18012762391119855
          ]
        }
      },
      "1e-06": {
        "train": {
          "mean_rel_l2": 0.15127723686211675,
          "median_rel_l2": 0.14386784927974244,
          "errors": [
            0.1305573015907219,
            0.11645946549594714,
            0.1438795237563625,
            0.1804659988644531,
            0.12925855514019285,
            0.14794847911145226,
            0.10044921491437193,
            0.13396906693262028,
            0.19073721102189015,
            0.11299632762994959,
            0.14385617480312238,
            0.1459030997554412,
            0.11485962096715296,
            0.14004055259767556,
            0.2008168112143561,
            0.2448501345309113,
            0.13657787273425248,
            0.1629747226190821,
            0.18907768767563085,
            0.15986691588674834
          ]
        },
        "test": {
          "mean_rel_l2": 0.14854058097454406,
          "median_rel_l2": 0.13400629280571713,
          "errors": [
            0.132892132200727,
            0.1642937384628246,
            0.13400629280571713,
            0.1316405429734811,
            0.17987019842997043
          ]
        }
      },
      "0.0001": {
        "train": {
          "mean_rel_l2": 0.15348693023803478,
          "median_rel_l2": 0.14555261659024193,
          "errors": [
            0.13227236597337966,
            0.117906691243137,
            0.14539166442322332,
            0.18417460161537294,
            0.12916315832182398,
            0.1528216912679126,
            0.10597476875175964,
            0.13766412999322328,
            0.18944084088859092,
            0.11465793748580813,
            0.14571356875726058,
            0.14817581888366044,
            0.11437462781523706,
            0.1409405326086917,
            0.2018065684257306,
            0.2495798049493337,
            0.14011958502228333,
            0.16557389690713845,
            0.19334971714584848,
            0.1606366342812799
          ]
        },
        "test": {
          "mean_rel_l2": 0.1509572011357599,
          "median_rel_l2": 0.13753862503388145,
          "errors": [
            0.13708767384075846,
            0.16604949335018881,
            0.13753862503388145,
            0.1343771249428984,
            0.17973308851107228
          ]
        }
      },
      "0.01": {
        "train": {
          "mean_rel_l2": 0.15367402027942798,
          "median_rel_l2": 0.14576488641839663,
          "errors": [
            0.1328779552618474,
            0.11751132475746985,
            0.14541761896343897,
            0.18380987645461405,
            0.13013124030787673,
            0.15336360519349443,
            0.10836031442507212,
            0.1378914082492009,
            0.18871349931909379,
            0.11583656554357206,
            0.1461121538733543,
            0.14899662440056352,
            0.11550023928188469,
            0.1410926709535823,
            0.2008560424951558,
            0.2511073357629811,
            0.13818615503194737,
            0.16452221622761853,
            0.19298064917435456,
            0.16021290991143675
          ]
        },
        "test": {
          "mean_rel_l2": 0.15097101532393645,
          "median_rel_l2": 0.13752560277053255,
          "errors": [
            0.13752560277053255,
            0.16554241195458766,
            0.1372205693125242,
            0.13486567299183727,
            0.17970081959020057
          ]
        }
      }
    },
    "grid_search": {
      "enabled": false
    }
  },
  "psrsdno": {
    "selected_hparams": {
      "modes": 12,
      "width": 32,
      "padding": 9,
      "spectral_gain": 1.0,
      "skip_gain": 1.0,
      "spectral_init": "uniform",
      "spectral_init_scale": 1.0,
      "activation": "gelu"
    },
    "selected_dict_hparams": {
      "psrsdno_dict_size": 32,
      "psrsdno_alpha_min": 0.1,
      "psrsdno_alpha_max": 10.0,
      "psrsdno_beta_min": 0.01,
      "psrsdno_beta_max": 1.0,
      "psrsdno_seed": 0,
      "psrsdno_complex_mixing": true,
      "psrsdno_eps_norm": 1e-12
    },
    "best_lambda": 0.0,
    "best_test": {
      "mean_rel_l2": 0.1208063630792338,
      "median_rel_l2": 0.1056605052456754,
      "errors": [
        0.1056605052456754,
        0.119857380887274,
        0.10398463950053574,
        0.0994872873746351,
        0.17504200238804882
      ]
    },
    "all": {
      "0.0": {
        "train": {
          "mean_rel_l2": 0.12505111380116996,
          "median_rel_l2": 0.11592643496684103,