{
  "train_rel_l2": 0.9210196495056152,
  "test_rel_l2": 1.0567467212677002,
  "train_mse": 0.4444659650325775,
  "test_mse": 0.5705602765083313,
  "fit_time_sec": 0.16595518216490746,
  "device": "cpu",
  "data_mode": "separate_files",
  "data_file": "data/burgers_data_R10.mat",
  "train_file": "tmp_data/burgers_tiny.mat",
  "test_file": "tmp_data/burgers_tiny.mat",
  "train_split": 0.8,
  "shuffle": false,
  "seed": 0,
  "sub": 1,
  "ntrain": 20,
  "ntest": 6,
  "K": 64,
  "K_fine": 64,
  "m": 16,
  "kmax": 8,
  "lambda": 1e-06,
  "lamreg": 1.9999999999999998e-05,
  "nu_rf": 0.31946787,
  "al_rf": 0.1,
  "sig_rf": 2.597733,
  "tau_g": 15.045227,
  "al_g": 2.9943917,
  "sig_g": 864.7561440726229,
  "bsize_train": 25,
  "bsize_test": 50,
  "bsize_grf_train": 50,
  "bsize_grf_test": 100,
  "bsize_grf_sample": 128
}