{
  "task": "darcy_2d_fno_vs_reservoir",
  "run_mode": "psrsdno",
  "elapsed_sec": 32.70021152496338,
  "device": "cpu",
  "data_source": "generate",
  "grid_size_after_downsample": 32,
  "ntrain": 20,
  "ntest": 5,
  "fno": null,
  "rfno": null,
  "psrsdno": {
    "selected_hparams": {
      "modes": 12,
      "width": 32,
      "padding": 9,
      "spectral_gain": 1.0,
      "skip_gain": 1.0,
      "spectral_init": "uniform",
      "spectral_init_scale": 1.0,
      "activation": "gelu"
    },
    "selected_dict_hparams": {
      "psrsdno_dict_size": 32,
      "psrsdno_alpha_min": 0.1,
      "psrsdno_alpha_max": 10.0,
      "psrsdno_beta_min": 0.01,
      "psrsdno_beta_max": 1.0,
      "psrsdno_seed": 0,
      "psrsdno_complex_mixing": true,
      "psrsdno_eps_norm": 1e-12
    },
    "best_lambda": 0.0,
    "best_test": {
      "mean_rel_l2": 0.11906297618774304,
      "median_rel_l2": 0.11141571020680101,
      "errors": [
        0.09301529619432305,
        0.12468149450688283,
        0.10262059580427003,
        0.11141571020680101,
        0.1635817842264382
      ]
    },
    "all": {
      "0.0": {
        "train": {
          "mean_rel_l2": 0.12180061719933048,
          "median_rel_l2": 0.11606374291265108,
          "errors": [
            0.09712901535073513,
            0.0933848507896583,
            0.1082996921343039,
            0.12205063322081715,
            0.10154370409298483,
            0.1034890329607926,
            0.0646113882632624,
            0.12315751195180356,
            0.16280953849989419,
            0.08343210899798918,
            0.11146430546626512,
            0.13482808177455066,
            0.08866488226492626,
            0.09831695083052286,
            0.17468293025477455,
            0.20878741716708898,
            0.12276802345482501,
            0.12066318035903703,
            0.1498949682773626,
            0.16603412787501579
          ]
        },
        "test": {
          "mean_rel_l2": 0.11906297618774304,
          "median_rel_l2": 0.11141571020680101,
          "errors": [
            0.09301529619432305,
            0.12468149450688283,
            0.10262059580427003,
            0.11141571020680101,
            0.1635817842264382
          ]
        }
      },
      "1e-06": {
        "train": {
          "mean_rel_l2": 0.12244334428372228,
          "median_rel_l2": 0.11727807380478672,
          "errors": [
            0.09845771989049326,
            0.09182332077420094,
            0.10981061174511518,
            0.12648530459402854,
            0.09917243344381937,
            0.10581990799657885,
            0.0610985592597779,
            0.12284683709082332,
            0.1666224865859437,
            0.08064258244479493,
            0.11320106065109133,
            0.1342372059916242,
            0.0859296537629567,
            0.1023321357567685,
            0.17985026378543617,
            0.210807452053214,
            0.1217972548683774,
            0.12135508695848213,
            0.1516294560526312,
            0.16494755196828803
          ]
        },
        "test": {
          "mean_rel_l2": 0.12108913576709557,
          "median_rel_l2": 0.11020402000096502,
          "errors": [
            0.09489014973398588,
            0.12658485768331795,
            0.10656708562960447,
            0.11020402000096502,
            0.16719956578760448
          ]
        }
      },
      "0.0001": {
        "train": {
          "mean_rel_l2": 0.13416743698528402,
          "median_rel_l2": 0.12549821843035744,
          "errors": [
            0.11466543461769572,
            0.09281436013668609,
            0.12486379072376179,
            0.14879639450988708,
            0.10234916942968506,
            0.12346455463265299,
            0.07645364332733659,
            0.1247245652107529,
            0.18290733098657583,
            0.0888128010865789,
            0.12979746926267988,
            0.13465360626784995,
            0.08374155535485807,
            0.12481117112446465,
            0.19841399299176307,
            0.23493391546384534,
            0.12613264613695307,
            0.1404819271801502,
            0.16919347834663823,
            0.16133693291486503
          ]
        },
        "test": {
          "mean_rel_l2": 0.13554559203448208,
          "median_rel_l2": 0.12345050964078559,
          "errors": [
            0.11556066770365442,
            0.14419025180956996,
            0.12345050964078559,
            0.11594296507247134,
            0.17858356594592914
          ]
        }
      },
      "0.01": {
        "train": {
          "mean_rel_l2": 0.15175363294088234,
          "median_rel_l2": 0.14484634686710451,
          "errors": [
            0.13097816734937978,
            0.11603778395778039,
            0.14447626047365497,
            0.18120208799550452,
            0.12731280761788685,
            0.15056095364048683,
            0.10473090642977448,
            0.135838508674745,
            0.18977895683874768,
            0.11187116698481106,
            0.14521643326055403,
            0.14611189300907393,
            0.11182393373097353,
            0.1396949847396744,
            0.20055887609754805,
            0.2490151213236473,
            0.13776268335826786,
            0.16324426818859444,
            0.19019336802306927,
            0.1586634971234728
          ]
        },
        "test": {
          "mean_rel_l2": 0.14999998585378646,
          "median_rel_l2": 0.13673367141265647,
          "errors": [
            0.13489827120099815,
            0.16559243792186668,
            0.13673367141265647,
            0.1335248113002771,
            0.17925073743313408
          ]
        }
      }
    }
  },
  "config": {
    "config": "configs/compare_darcy_small_psrsdno.json",
    "seed": 0,
    "device": "auto",
    "data_source": "generate",
    "data_mode": "separate_files",
    "data_file": "data/piececonst_r421_N1024_smooth1.mat",
    "train_file": "data/piececonst_r421_N1024_smooth1.mat",
    "test_file": "data/piececonst_r421_N1024_smooth2.mat",
    "ntrain": 20,
    "ntest": 5,
    "r": 5,
    "grid_size": 421,
    "gen_grid_size": 32,
    "gen_map_type": "piecewise",
    "gen_a_pos": 12.0,
    "gen_a_neg": 3.0,
    "gen_alpha": 2.0,
    "gen_tau": 3.0,
    "gen_forcing": 1.0,
    "gen_solver": "spsolve",
    "gen_cg_tol": 1e-10,
    "gen_cg_maxiter": 2000,
    "gen_save_mat": "",
    "batch_size": 5,
    "learning_rate": 0.001,
    "epochs": 2,
    "modes": 12,
    "width": 32,
    "padding": 9,
    "spectral_gain": 1.0,
    "skip_gain": 1.0,
    "spectral_init": "uniform",
    "spectral_init_scale": 1.0,
    "activation": "gelu",
    "rfno_grid_search": false,
    "rfno_grid_modes": "",
    "rfno_grid_widths": "",
    "rfno_grid_paddings": "",
    "rfno_grid_spectral_gains": "",
    "rfno_grid_skip_gains": "",
    "rfno_grid_spectral_inits": "",
    "rfno_grid_spectral_init_scales": "",
    "rfno_grid_activations": "",
    "ridge_lambdas": "0,1e-6,1e-4,1e-2",
    "run": "psrsdno",
    "psrsdno_dict_size": 32,
    "psrsdno_alpha_min": 0.1,
    "psrsdno_alpha_max": 10.0,
    "psrsdno_beta_min": 0.01,
    "psrsdno_beta_max": 1.0,
    "psrsdno_seed": 0,
    "psrsdno_complex_mixing": true,
    "psrsdno_eps_norm": 1e-12,
    "results_root": "results",
    "run_name": "compare_darcy_small_psrsdno_only",
    "no_viz": true
  }
}