{
  "task": "darcy_2d_fno_vs_reservoir",
  "run_mode": "rfno",
  "elapsed_sec": 30.017956495285034,
  "device": "cpu",
  "data_source": "generate",
  "grid_size_after_downsample": 32,
  "ntrain": 20,
  "ntest": 5,
  "fno": null,
  "rfno": {
    "selected_hparams": {
      "modes": 12,
      "width": 32,
      "padding": 9,
      "spectral_gain": 1.0,
      "skip_gain": 1.0,
      "spectral_init": "uniform",
      "spectral_init_scale": 1.0,
      "activation": "gelu"
    },
    "best_lambda": 0.0,
    "best_test": {
      "mean_rel_l2": 0.14756264173124573,
      "median_rel_l2": 0.13603347630194243,
      "errors": [
        0.13064839403408696,
        0.16117017223613866,
        0.13603347630194243,
        0.1276067061768577,
        0.18235445990720292
      ]
    },
    "all": {
      "0.0": {
        "train": {
          "mean_rel_l2": 0.14518567827782397,
          "median_rel_l2": 0.1343623874609699,
          "errors": [
            0.12356191624236423,
            0.10083550198781589,
            0.1327771142209594,
            0.17233970443012098,
            0.11624799993954256,
            0.134352041089412,
            0.08698627262468227,
            0.12511982175737524,
            0.19357157097039085,
            0.10843053944949387,
            0.14178974118585125,
            0.14553480405123836,
            0.10762336512724902,
            0.13437273383252776,
            0.20374741447166905,
            0.2406902833835157,
            0.12442625273828693,
            0.1642403126610759,
            0.19019346076303598,
            0.15687271462987148
          ]
        },
        "test": {
          "mean_rel_l2": 0.14756264173124573,
          "median_rel_l2": 0.13603347630194243,
          "errors": [
            0.13064839403408696,
            0.16117017223613866,
            0.13603347630194243,
            0.1276067061768577,
            0.18235445990720292
          ]
        }
      },
      "1e-06": {
        "train": {
          "mean_rel_l2": 0.15178644563388535,
          "median_rel_l2": 0.1436740888529781,
          "errors": [
            0.13044879461599176,
            0.11388046035425503,
            0.14329827268013234,
            0.18274754234031498,
            0.12498813023259223,
            0.14933712190416515,
            0.10259032547905704,
            0.1349218442067596,
            0.19087867697682348,
            0.11456005559133385,
            0.14404990502582385,
            0.14848775617049415,
            0.11217085376768554,
            0.13850093405228125,
            0.20171536234326568,
            0.24681147632743153,
            0.1368682145359062,
            0.16574891640957,
            0.1932035218623368,
            0.16052074780148623
          ]
        },
        "test": {
          "mean_rel_l2": 0.1496769723600398,
          "median_rel_l2": 0.13635007488951117,
          "errors": [
            0.13635007488951117,
            0.16343677351366082,
            0.13608788268399127,
            0.13164952717283396,
            0.1808606035402017
          ]
        }
      },
      "0.0001": {
        "train": {
          "mean_rel_l2": 0.15348965978650886,
          "median_rel_l2": 0.14563711907988158,
          "errors": [
            0.13235691244492784,
            0.11785013337977246,
            0.14545160029070894,
            0.18383600453074103,
            0.12910688027306746,
            0.15353798352070258,
            0.10747566734229246,
            0.13773486736472804,
            0.18954679348792544,
            0.11496785789101913,
            0.1458226378690542,
            0.14848277897732054,
            0.11499970516095794,
            0.14106581627064396,
            0.20122649586490704,
            0.24903156402007334,
            0.13978896453791465,
            0.16498547466160096,
            0.19226970458960427,
            0.1602553532522149
          ]
        },
        "test": {
          "mean_rel_l2": 0.15109875547609,
          "median_rel_l2": 0.13803003081011486,
          "errors": [
            0.13676440344939506,
            0.166243688787253,
            0.13803003081011486,
            0.13490354233691063,
            0.17955211199677643
          ]
        }
      },
      "0.01": {
        "train": {
          "mean_rel_l2": 0.15362248012824037,
          "median_rel_l2": 0.145984324453882,
          "errors": [
            0.1325267555166276,
            0.11823792291313204,
            0.14587185181386536,
            0.18429198217535758,
            0.12958777033651647,
            0.1529213094169673,
            0.10782980559242863,
            0.1378009654670627,
            0.18963097189004383,
            0.11490231990402504,
            0.1460967970938986,
            0.1475663283982647,
            0.11514394618240704,
            0.14128940552284705,
            0.2010379699372061,
            0.25008113456359377,
            0.13976102402909452,
            0.16508165518705964,
            0.19314761821040785,
            0.15964206841400128
          ]
        },
        "test": {
          "mean_rel_l2": 0.15098921553481706,
          "median_rel_l2": 0.1375409025982507,
          "errors": [
            0.1365833089285969,
            0.1669162994732436,
            0.1375409025982507,
            0.13468317177974423,
            0.17922239489424982
          ]
        }
      }
    },
    "grid_search": {
      "enabled": false
    }
  },
  "psrsdno": null,
  "config": {
    "config": "configs/compare_darcy_small.json",
    "seed": 0,
    "device": "auto",
    "data_source": "generate",
    "data_mode": "separate_files",
    "data_file": "data/piececonst_r421_N1024_smooth1.mat",
    "train_file": "data/piececonst_r421_N1024_smooth1.mat",
    "test_file": "data/piececonst_r421_N1024_smooth2.mat",
    "ntrain": 20,
    "ntest": 5,
    "r": 5,
    "grid_size": 421,
    "gen_grid_size": 32,
    "gen_map_type": "piecewise",
    "gen_a_pos": 12.0,
    "gen_a_neg": 3.0,
    "gen_alpha": 2.0,
    "gen_tau": 3.0,
    "gen_forcing": 1.0,
    "gen_solver": "spsolve",
    "gen_cg_tol": 1e-10,
    "gen_cg_maxiter": 2000,
    "gen_save_mat": "",
    "batch_size": 5,
    "learning_rate": 0.001,
    "epochs": 2,
    "modes": 12,
    "width": 32,
    "padding": 9,
    "spectral_gain": 1.0,
    "skip_gain": 1.0,
    "spectral_init": "uniform",
    "spectral_init_scale": 1.0,
    "activation": "gelu",
    "rfno_grid_search": false,
    "rfno_grid_modes": "",
    "rfno_grid_widths": "",
    "rfno_grid_paddings": "",
    "rfno_grid_spectral_gains": "",
    "rfno_grid_skip_gains": "",
    "rfno_grid_spectral_inits": "",
    "rfno_grid_spectral_init_scales": "",
    "rfno_grid_activations": "",
    "ridge_lambdas": "0,1e-6,1e-4,1e-2",
    "run": "rfno",
    "psrsdno_dict_size": 32,
    "psrsdno_alpha_min": 0.1,
    "psrsdno_alpha_max": 10.0,
    "psrsdno_beta_min": 0.01,
    "psrsdno_beta_max": 1.0,
    "psrsdno_seed": 0,
    "psrsdno_complex_mixing": true,
    "psrsdno_eps_norm": 1e-12,
    "results_root": "results",
    "run_name": "compare_darcy_small",
    "no_viz": true
  }
}